{
    "type": "origins:stacking_status_effect",
    "min_stacks": 0,
    "max_stacks": 3,
    "duration_per_stack": 20,
    "effects": {
        "effect": "minecraft:slowness",
        "is_ambient": true,
        "show_icon": true,
        "show_particles": false
    },
    "condition": {
        "type": "origins:and",
        "conditions": [
          {
            "type": "origins:submerged_in",
            "fluid": "minecraft:water",
            "inverted": true
          },
          {      
            "type": "origins:exposed_to_sky"
          }
        ]
      },
      "name": "Deep Dark Home",
      "description": "You move slower outside of caves, and while outside of water."
}