{
  "firstPerson": {
    "enabledByDefault": true,
    "xOffset": 0,
    "sneakXOffset": 0,
    "sitXOffset": 0,
    "vanillaHands": false,
    "doubleHands": false,
    "playerHeadSkins": false,
    "hideCosmeticsButton": false,
    "forceActive": false
  },
  "paperDoll": {
    "dollEnabled": false,
    "location": "TOP_LEFT",
    "dollXOffset": 0,
    "dollYOffset": 0,
    "dollSize": 0,
    "dollLookingSides": 20,
    "dollLookingUpDown": -20,
    "dollHeadMode": "FREE"
  },
  "cosmetic": {
    "hat": "VANILLA",
    "head": "VANILLA",
    "chest": "VANILLA",
    "boots": "VANILLA",
    "back": "VANILLA",
    "playerSize": 100,
    "modifyCameraHeight": false,
    "backHue": 0
  },
  "skinLayer": {
    "headLayerMode": "VANILLA2D",
    "optimizedLayerDistance": 16,
    "skinLayerMode": "VANILLA2D"
  }
}