{
    "type": "origins:active_self",
    "entity_action": {
        "type": "origins:execute_command",
        "command": "function additions:summon_iron_golem"
    },
    "cooldown": 2400,
    "hud_render": {
        "should_render": true,
        "sprite_location": "origins:textures/gui/community/spiderkolo/resource_bar_02.png",
        "bar_index": 23
    },
    "key": {
        "key": "key.origins.primary_active",
        "continuous": true
    },
    "condition": {
        "type": "origins:resource",
        "resource": "additions:summon_resource",
        "comparison": "==",
        "compare_to": 99
    },
    "name": "Summoning Master",
    "description": "You can summon iron golems by pressing the and holding the primary key until the summon bar fills up. While charging the bar, you are unable to move. Two minute cooldown."
}