{
	"powers": [
		"sky:air_blast",
		"sky:air_blast2",
		"sky:air_poofs",
		"sky:air_affinity",
		"origins:elytra",
		"origins:aerial_combatant",
		"origins:tailwind",
		"origins:slow_falling",
		"origins:light_armor",
		"origins:claustrophobia",
		"origins:vegetarian",
		"origins:fresh_air"
	],
	"icon": "white_wool",
	"order": 100,
	"impact": 3,
	"name": "Sky Wyvern",
	"description": "A Sky Beast that can use its wings for Flight and to Blow Its Foes Away With Powerfull blasts of wind"
}