{
  "biomes": [
    [
      {
        "type": "BIOME_DICT",
        "negate": false,
        "value": "overworld"
      },
      {
        "type": "BIOME_DICT",
        "negate": false,
        "value": "jungle"
      }
    ],
    [
      {
        "type": "BIOME_DICT",
        "negate": false,
        "value": "overworld"
      },
      {
        "type": "REGISTRY_NAME",
        "negate": false,
        "value": "minecraft:bamboo_jungle"
      }
    ],
    [
      {
        "type": "BIOME_DICT",
        "negate": false,
        "value": "overworld"
      },
      {
        "type": "REGISTRY_NAME",
        "negate": false,
        "value": "minecraft:bamboo_jungle_hills"
      }
    ]
  ]
}