{
	"type": "origins:active_self",
	"entity_action": {
		"type": "origins:apply_effect",
		"effect": {
			"effect": "minecraft:invisibility",
			"duration": 20,
			"amplifier": 0
		}
	},
	"cooldown": 0,
	"hud_render": {
		"should_render": false,
		"hud_render": 1
	},
	"key": {
		"key": "key.sneak",
		"continuous": true
	},
	"condition": {
		"type": "origins:in_block",
		"block_condition": {
			"type": "origins:block",
			"block": "minecraft:wither_rose"
		}
	},
	"hidden": true
}