{
  "type": "origins:restrict_armor",
  "head": {
    "type": "origins:armor_value",
    "comparison": "<",
    "compare_to": 20
  },
  "chest": {
    "type": "origins:armor_value",
    "comparison": "<",
    "compare_to": 20
  },
  "legs": {
    "type": "origins:armor_value",
    "comparison": "<",
    "compare_to": 20
  },
  "feet": {
    "type": "origins:armor_value",
    "comparison": "<",
    "compare_to": 20
  },
  "name": "Slippery",
  "description": "Your body is slippery making you unable to wear armour."
}