{
    "type": "origins:prevent_sleep",
    "message": "This bed isn't fancy enough",
    "condition": {
        "type": "origins:block_in_radius",
        "block_condition": {
            "type": "origins:block",
            "block": "minecraft:diamond_block"
        },
        "radius": 5,
        "shape": "cube",
        "compare_to": 2,
        "inverted": true
    },
    "set_spawn_point": true,
    "name": "Fashionable Sleep",
    "description": "You can only sleep around two diamond blocks."
}