{
  "config": {
    "ccrp:diamond_creeper": {
      "spawns_naturally": true,
      "spawn_weight": 15,
      "min_spawn_group_size": 2,
      "max_spawn_group_size": 2
    },
    "ccrp:lightning_creeper": {
      "spawns_naturally": true,
      "spawn_weight": 15,
      "min_spawn_group_size": 2,
      "max_spawn_group_size": 2
    },
    "ccrp:lava_creeper": {
      "spawns_naturally": true,
      "spawn_weight": 15,
      "min_spawn_group_size": 2,
      "max_spawn_group_size": 2
    },
    "ccrp:giant_creeper": {
      "spawns_naturally": true,
      "spawn_weight": 4,
      "min_spawn_group_size": 1,
      "max_spawn_group_size": 2
    },
    "ccrp:water_creeper": {
      "spawns_naturally": true,
      "spawn_weight": 15,
      "min_spawn_group_size": 2,
      "max_spawn_group_size": 2
    },
    "ccrp:teleport_creeper": {
      "spawns_naturally": true,
      "spawn_weight": 15,
      "min_spawn_group_size": 2,
      "max_spawn_group_size": 2
    },
    "ccrp:tnt_creeper": {
      "spawns_naturally": true,
      "spawn_weight": 10,
      "min_spawn_group_size": 1,
      "max_spawn_group_size": 2
    },
    "ccrp:iron_creeper": {
      "spawns_naturally": true,
      "spawn_weight": 15,
      "min_spawn_group_size": 2,
      "max_spawn_group_size": 2
    },
    "ccrp:golden_creeper": {
      "spawns_naturally": true,
      "spawn_weight": 15,
      "min_spawn_group_size": 2,
      "max_spawn_group_size": 2
    },
    "ccrp:enchanting_creeper": {
      "spawns_naturally": true,
      "spawn_weight": 15,
      "min_spawn_group_size": 2,
      "max_spawn_group_size": 2
    }
  }
}