{
  "version": 1,
  "displayDebugData": false,
  "leafSize": 5,
  "leafLifespan": 200,
  "leafSpawnRate": 10,
  "coniferLeafSpawnRate": 0,
  "dropFromPlayerPlacedBlocks": true,
  "minimumFreeSpaceBelow": 1,
  "windEnabled": true,
  "windlessDimensions": [
    "minecraft:the_end",
    "minecraft:the_nether"
  ],
  "leafSettings": {
    "byg:mahogany_leaves": {
      "spawnRateFactor": 1.0,
      "isConiferBlock": false
    },
    "byg:flowering_jacaranda_leaves": {
      "spawnRateFactor": 1.0,
      "isConiferBlock": false
    },
    "byg:red_oak_leaves": {
      "spawnRateFactor": 1.0,
      "isConiferBlock": false
    },
    "promenade:palm_leaves": {
      "spawnRateFactor": 1.0,
      "isConiferBlock": false
    },
    "byg:redwood_leaves": {
      "spawnRateFactor": 1.0,
      "isConiferBlock": false
    },
    "byg:blooming_witch_hazel_leaves": {
      "spawnRateFactor": 1.0,
      "isConiferBlock": false
    },
    "promenade:pink_cherry_oak_leaves": {
      "spawnRateFactor": 1.0,
      "isConiferBlock": false
    },
    "traverse:red_autumnal_leaves": {
      "spawnRateFactor": 1.8,
      "isConiferBlock": false
    },
    "byg:pink_cherry_leaves": {
      "spawnRateFactor": 1.4,
      "isConiferBlock": false
    },
    "byg:green_apple_skyris_leaves": {
      "spawnRateFactor": 1.0,
      "isConiferBlock": false
    },
    "minecraft:jungle_leaves": {
      "spawnRateFactor": 0.0,
      "isConiferBlock": false
    },
    "byg:white_cherry_leaves": {
      "spawnRateFactor": 1.4,
      "isConiferBlock": false
    },
    "traverse:orange_autumnal_leaves": {
      "spawnRateFactor": 1.8,
      "isConiferBlock": false
    },
    "byg:rainbow_eucalyptus_leaves": {
      "spawnRateFactor": 1.0,
      "isConiferBlock": false
    },
    "minecraft:oak_leaves": {
      "spawnRateFactor": 1.0,
      "isConiferBlock": false
    },
    "byg:ebony_leaves": {
      "spawnRateFactor": 1.0,
      "isConiferBlock": false
    },
    "byg:witch_hazel_leaves": {
      "spawnRateFactor": 1.0,
      "isConiferBlock": false
    },
    "byg:fir_leaves": {
      "spawnRateFactor": 1.0,
      "isConiferBlock": true
    },
    "byg:palm_leaves": {
      "spawnRateFactor": 1.0,
      "isConiferBlock": false
    },
    "byg:lament_leaves": {
      "spawnRateFactor": 1.0,
      "isConiferBlock": false
    },
    "byg:maple_leaves": {
      "spawnRateFactor": 1.0,
      "isConiferBlock": false
    },
    "byg:withering_oak_leaves": {
      "spawnRateFactor": 1.0,
      "isConiferBlock": false
    },
    "traverse:fir_leaves": {
      "spawnRateFactor": 1.0,
      "isConiferBlock": true
    },
    "byg:brown_oak_leaves": {
      "spawnRateFactor": 1.0,
      "isConiferBlock": false
    },
    "byg:orchard_leaves": {
      "spawnRateFactor": 1.0,
      "isConiferBlock": false
    },
    "byg:brown_zelkova_leaves": {
      "spawnRateFactor": 1.0,
      "isConiferBlock": false
    },
    "byg:cika_leaves": {
      "spawnRateFactor": 1.0,
      "isConiferBlock": false
    },
    "promenade:autumn_oak_leaves": {
      "spawnRateFactor": 1.0,
      "isConiferBlock": false
    },
    "byg:orange_spruce_leaves": {
      "spawnRateFactor": 1.0,
      "isConiferBlock": true
    },
    "byg:yellow_birch_leaves": {
      "spawnRateFactor": 1.0,
      "isConiferBlock": false
    },
    "byg:joshua_leaves": {
      "spawnRateFactor": 1.0,
      "isConiferBlock": false
    },
    "byg:jacaranda_leaves": {
      "spawnRateFactor": 1.0,
      "isConiferBlock": false
    },
    "byg:holly_leaves": {
      "spawnRateFactor": 1.0,
      "isConiferBlock": false
    },
    "byg:red_spruce_leaves": {
      "spawnRateFactor": 1.0,
      "isConiferBlock": true
    },
    "minecraft:spruce_leaves": {
      "spawnRateFactor": 1.0,
      "isConiferBlock": true
    },
    "byg:orange_oak_leaves": {
      "spawnRateFactor": 1.0,
      "isConiferBlock": false
    },
    "byg:nightshade_leaves": {
      "spawnRateFactor": 1.0,
      "isConiferBlock": false
    },
    "promenade:white_cherry_oak_leaves": {
      "spawnRateFactor": 1.0,
      "isConiferBlock": false
    },
    "minecraft:birch_leaves": {
      "spawnRateFactor": 1.0,
      "isConiferBlock": false
    },
    "byg:mangrove_leaves": {
      "spawnRateFactor": 1.0,
      "isConiferBlock": false
    },
    "byg:brown_birch_leaves": {
      "spawnRateFactor": 1.0,
      "isConiferBlock": false
    },
    "promenade:autumn_birch_leaves": {
      "spawnRateFactor": 1.0,
      "isConiferBlock": false
    },
    "minecraft:acacia_leaves": {
      "spawnRateFactor": 1.0,
      "isConiferBlock": false
    },
    "byg:pine_leaves": {
      "spawnRateFactor": 1.0,
      "isConiferBlock": true
    },
    "byg:silver_maple_leaves": {
      "spawnRateFactor": 1.0,
      "isConiferBlock": false
    },
    "traverse:yellow_autumnal_leaves": {
      "spawnRateFactor": 1.8,
      "isConiferBlock": false
    },
    "byg:flowering_palo_verde_leaves": {
      "spawnRateFactor": 1.0,
      "isConiferBlock": false
    },
    "byg:green_enchanted_leaves": {
      "spawnRateFactor": 1.0,
      "isConiferBlock": false
    },
    "byg:blue_enchanted_leaves": {
      "spawnRateFactor": 1.0,
      "isConiferBlock": false
    },
    "byg:indigo_jacaranda_leaves": {
      "spawnRateFactor": 1.0,
      "isConiferBlock": false
    },
    "byg:aspen_leaves": {
      "spawnRateFactor": 1.0,
      "isConiferBlock": false
    },
    "byg:zelkova_leaves": {
      "spawnRateFactor": 1.0,
      "isConiferBlock": false
    },
    "byg:ripe_orchard_leaves": {
      "spawnRateFactor": 1.0,
      "isConiferBlock": false
    },
    "byg:red_maple_leaves": {
      "spawnRateFactor": 1.0,
      "isConiferBlock": false
    },
    "byg:yellow_spruce_leaves": {
      "spawnRateFactor": 1.0,
      "isConiferBlock": true
    },
    "byg:cypress_leaves": {
      "spawnRateFactor": 1.0,
      "isConiferBlock": true
    },
    "byg:skyris_leaves": {
      "spawnRateFactor": 1.4,
      "isConiferBlock": false
    },
    "byg:blue_spruce_leaves": {
      "spawnRateFactor": 1.0,
      "isConiferBlock": true
    },
    "traverse:brown_autumnal_leaves": {
      "spawnRateFactor": 1.8,
      "isConiferBlock": false
    },
    "byg:palo_verde_leaves": {
      "spawnRateFactor": 1.0,
      "isConiferBlock": false
    },
    "byg:orange_birch_leaves": {
      "spawnRateFactor": 1.0,
      "isConiferBlock": false
    },
    "byg:willow_leaves": {
      "spawnRateFactor": 1.0,
      "isConiferBlock": false
    },
    "byg:red_birch_leaves": {
      "spawnRateFactor": 1.0,
      "isConiferBlock": false
    },
    "byg:flowering_orchard_leaves": {
      "spawnRateFactor": 1.0,
      "isConiferBlock": false
    },
    "byg:flowering_nightshade_leaves": {
      "spawnRateFactor": 1.0,
      "isConiferBlock": false
    },
    "byg:holly_berry_leaves": {
      "spawnRateFactor": 1.0,
      "isConiferBlock": false
    },
    "byg:flowering_indigo_jacaranda_leaves": {
      "spawnRateFactor": 1.0,
      "isConiferBlock": false
    },
    "byg:ripe_joshua_leaves": {
      "spawnRateFactor": 1.0,
      "isConiferBlock": false
    },
    "byg:araucaria_leaves": {
      "spawnRateFactor": 1.0,
      "isConiferBlock": false
    },
    "byg:ether_leaves": {
      "spawnRateFactor": 1.0,
      "isConiferBlock": false
    },
    "minecraft:dark_oak_leaves": {
      "spawnRateFactor": 1.0,
      "isConiferBlock": false
    },
    "byg:baobab_leaves": {
      "spawnRateFactor": 1.0,
      "isConiferBlock": false
    },
    "desolation:charred_branches": {
      "spawnRateFactor": 1.0,
      "isConiferBlock": false
    },
    "croptopia:cinnamon_leaves": {
      "spawnRateFactor": 1.0,
      "isConiferBlock": false
    },
    "terrestria:sakura_leaves": {
      "spawnRateFactor": 1.4,
      "isConiferBlock": false
    },
    "terrestria:dark_japanese_maple_leaves": {
      "spawnRateFactor": 1.0,
      "isConiferBlock": false
    },
    "terrestria:cypress_leaves": {
      "spawnRateFactor": 1.0,
      "isConiferBlock": true
    },
    "terrestria:jungle_palm_leaves": {
      "spawnRateFactor": 0.0,
      "isConiferBlock": false
    },
    "terrestria:rubber_leaves": {
      "spawnRateFactor": 1.0,
      "isConiferBlock": false
    },
    "terrestria:japanese_maple_shrub_leaves": {
      "spawnRateFactor": 1.0,
      "isConiferBlock": false
    },
    "terrestria:rainbow_eucalyptus_leaves": {
      "spawnRateFactor": 1.0,
      "isConiferBlock": false
    },
    "terrestria:yucca_palm_leaves": {
      "spawnRateFactor": 0.0,
      "isConiferBlock": false
    },
    "terrestria:japanese_maple_leaves": {
      "spawnRateFactor": 1.0,
      "isConiferBlock": false
    },
    "terrestria:willow_leaves": {
      "spawnRateFactor": 1.0,
      "isConiferBlock": false
    },
    "terrestria:hemlock_leaves": {
      "spawnRateFactor": 1.0,
      "isConiferBlock": true
    },
    "terrestria:redwood_leaves": {
      "spawnRateFactor": 1.0,
      "isConiferBlock": true
    },
    "biomemakeover:swamp_cypress_leaves": {
      "spawnRateFactor": 1.0,
      "isConiferBlock": false
    },
    "biomemakeover:ancient_oak_leaves": {
      "spawnRateFactor": 1.0,
      "isConiferBlock": false
    },
    "biomemakeover:blighted_balsa_leaves": {
      "spawnRateFactor": 1.0,
      "isConiferBlock": false
    },
    "biomemakeover:willow_leaves": {
      "spawnRateFactor": 1.0,
      "isConiferBlock": false
    },
    "the_aether:skyroot_leaves": {
      "spawnRateFactor": 1.0,
      "isConiferBlock": false
    },
    "the_aether:boreal_wisteria_leaves": {
      "spawnRateFactor": 1.0,
      "isConiferBlock": false
    },
    "the_aether:lavender_wisteria_leaves": {
      "spawnRateFactor": 1.0,
      "isConiferBlock": false
    },
    "the_aether:frost_wisteria_leaves": {
      "spawnRateFactor": 1.0,
      "isConiferBlock": false
    },
    "the_aether:rose_wisteria_leaves": {
      "spawnRateFactor": 1.0,
      "isConiferBlock": false
    },
    "the_aether:golden_oak_leaves": {
      "spawnRateFactor": 1.0,
      "isConiferBlock": false
    },
    "the_aether:crystal_leaves": {
      "spawnRateFactor": 1.0,
      "isConiferBlock": false
    },
    "vanillaenhanced:redwood_leaves": {
      "spawnRateFactor": 1.0,
      "isConiferBlock": false
    }
  }
}