{
    "type": "origins:action_over_time",
    "entity_action": {
        "type": "origins:apply_effect",
        "effect": {
            "effect": "minecraft:slowness",
            "duration": 20,
            "amplifier": 1,
            "show_particles": false
        }
    },
    "condition": {
        "type": "origins:submerged_in",
        "fluid": "minecraft:water",
        "inverted": true
    },
    "interval": 1,
    "name": "You're a turtle!",
    "description": "You get slowness out of water."
}