{
  "blacklist": [
    "minecraft:armor_stand",
    "minecraft:bee",
    "minecraft:cod",
    "minecraft:pufferfish",
    "minecraft:salmon",
    "minecraft:shulker",
    "minecraft:tropical_fish",
    "illuminations:firefly"
  ],
  "bosses": [
    "minecraft:ender_dragon",
    "minecraft:wither"
  ],
  "draw": true,
  "max_distance": 32,
  "render_in_f1": false,
  "health_bar_scale": 1.0,
  "height_above": 0.6,
  "draw_background": true,
  "background_padding": 2,
  "background_height": 6,
  "bar_height": 4,
  "plate_size": 25,
  "plate_size_boss": 50,
  "show_attributes": false,
  "show_armor": false,
  "group_armor": true,
  "color_by_type": false,
  "hp_text_height": 14,
  "show_max_hp": false,
  "show_current_hp": false,
  "show_percentage": false,
  "show_on_players": true,
  "show_on_bosses": true,
  "show_only_focused": true,
  "enable_debug_info": false
}