{
	"powers": [
		"custom:shipwreck_spawn",
		"custom:ink",
		"custom:stocktopus",
		"custom:octopus_health",
		"custom:land_crawl",
		"custom:land_breathing",
		"custom:deep_sea_home",
		"custom:fish_diet",
		"custom:slippery",
		"origins:aqua_affinity",
		"origins:like_water",
		"origins:swim_speed",
		"origins:water_breathing",
		"origins:water_vision"
	
	],
	"icon": "minecraft:ink_sac",
	"order": 0,
	"impact": 3,
	"name": "Octian",
	"description": "Descendants of the octopus, these deep sea creatures inhabit both the sea and beaches."	
}