{
    "type": "origins:stacking_status_effect",
    "min_stacks": 0,
    "max_stacks": 1,
    "duration_per_stack": 20,
    "effect": 
        {
            "effect": "minecraft:weakness",
            "is_ambient": true,
            "show_particles": false,
            "show_icon": true
        },
    "condition": {
    "type": "origins:dimension",
    "dimension": "minecraft:the_nether",
    "inverted": false
    },
    "name": "Nether Weakling",
    "description": "You get weakness in the nether because you can't stand extremely hot climates."
}