{
    "type": "origins:stacking_status_effect",
    "min_stacks": -30,
    "max_stacks": 10,
    "duration_per_stack": 20,
    "effects": {
        "effect": "minecraft:blindness",
        "is_ambient": true,
        "show_icon": true,
        "show_particles": false
    },
    "condition": {
        "type": "origins:block_in_radius",
        "block_condition": {
            "type": "origins:fluid",
            "fluid_condition": {
                "type": "origins:in_tag",
                "tag": "minecraft:water"
            }
        },
        "radius": 10
    },
    "hidden": true
}