{
	"type": "origins:active_self",
	"entity_action": {
		"type": "origins:execute_command",
		"command": "effect give @s minecraft:water_breathing 180 1",
		"permission_level": 4
	},
	"cooldown": 72000,
	"hud_render": {
		"should_render": true,
		"bar_index": 5
	},
	"key": {
		"key": "key.togglePerspective"
	},
	"condition": {
		"type": "origins:submerged_in",
		"fluid": "minecraft:water",
		"inverted": true
	},
	"name": "Air Pocket",
	"description": "You can breathe on land for 3 minutes by changing perspective. You need 10 minutes to get more air."
}