{
	"type": "origins:active_self",
	
	"entity_action": {
		"type": "origins:execute_command",
		"command": "summon minecraft:lightning_bolt ~1 ~ ~",
		"permission_level": 4
		},
	"entity_action": {
		"type": "origins:execute_command",
		"command": "/kill @e[distance=..10]",
		"permission_level": 4
		},
	"cooldown": 72000,
	"hud_render": {
		"should_render": true,
		"bar_index": 2
		},
		
	"name": "Discharge",
	"description": "Using your secondary ability will summon a lightning strike that kills you and everyone around you.",
	"key": {
		"key": "key.origins.secondary_active"
	}
}