{
    "powers": [
        "additions:less_damage_from_arrows",
        "additions:lightning_strike",
        "additions:thorns_ability",
        "additions:potato_health",
        "origins:water_vulnerability",
        "additions:immune_to_effects",
        "additions:more_damage_from_fire",
        "additions:fall_immunity",
        "additions:sprint_jump",
        "additions:fire_resistence",
        "additions:speed_boost"
    ],
    "icon": "minecraft:redstone_torch",
    "impact": 3,
    "order": 0,
    "name": "Automaton",
    "description": "A robotic menace with no regard for its own well being. Not very practical for everyday minecraft uses, but good for combat."
}