{
    "powers": [
        "additions:snow_golem_summon",
        "additions:iron_golem_summon",
        "additions:summon_resource",
        "additions:summon_charge",
        "additions:resource_reset",
        "additions:summoned_strength",
        "additions:decrease_resource",
        "additions:weak_arms",
        "additions:summon_vulnerability",
        "additions:fragile_bones",
        "additions:weighed_down"
    ],
    "name": "Summoner",
    "description": "Slowly, generation after generation spent around portals, your people have gained the ability to summon soldiers to help you.",
    "icon": "minecraft:amethyst_shard",
    "impact": 3,
    "order": 0
}