{
	// The amount of sharper uses a tool has after using it on the grindstone.
	"usesAfterGrinding": 32,
	// The damage modifier of sharpened tools.
	"sharpenedDamageModifier": 1.5,
	// Sends the sharpened tool user a message at 75%, 50%, 25%, 10%.
	"sendUsesLeftInChat": true,
	// Shows the uses left in the name of the item.
	"showUsesLeftInItemName": true,
	// The prefix of the sharpened uses left in the tool name.
	"nameUsesPrefix": "(Sharpened uses: ",
	// The suffix of the sharpened uses left in the tool name.
	"nameUsesSuffix": ")"
}