{
    "type": "origins:action_over_time",
    "entity_action": {
        "type": "origins:apply_effect",
        "effect": {
            "effect": "minecraft:water_breathing",
            "duration": 10,
            "amplifier": 1,
            "show_particles": false
        }
    },
    "condition": {
        "type": "origins:submerged_in",
        "fluid": "minecraft:water",
        "inverted": false
    },
    "interval": 1,
    "name": "Amphibian",
    "description": "You can breathe both on land and in water. You take no drowning damage. Also you can see perfectly underwater by toggling your primary key."
}