{
  "showHelp": false,
  "trinketSlotGroups": {
    "head": [
      "head"
    ],
    "feet": [
      "feet"
    ],
    "chest": [
      "chest",
      "heartcanisters"
    ],
    "legs": [
      "legs"
    ],
    "offhand": [
      "offhand",
      "hand"
    ]
  },
  "entries": {
    "net.minecraft.class_476": true,
    "net.minecraft.class_479": true,
    "com.github.clevernucleus.playerex.client.gui.AttributesPage": true,
    "com.github.clevernucleus.playerex.client.gui.AttributesScreen": true,
    "net.minecraft.class_3934": true,
    "net.minecraft.class_3873": true,
    "net.minecraft.class_4895": true,
    "net.minecraft.class_480": true,
    "net.minecraft.class_491": true,
    "net.minecraft.class_492": true,
    "com.yahoo.chirpycricket.mythicmounts.screen.MountScreen": true,
    "net.minecraft.class_3802": true,
    "com.github.clevernucleus.playerex.client.gui.CombatPage": true,
    "net.minecraft.class_471": true,
    "top.theillusivec4.curios.client.screen.CuriosScreen": true,
    "net.minecraft.class_3874": true,
    "net.minecraft.class_494": true,
    "net.minecraft.class_488": true,
    "net.minecraft.class_472": true,
    "net.minecraft.class_3871": true,
    "svenhjol.charm.gui.WoodcutterScreen": true,
    "net.minecraft.class_486": true,
    "svenhjol.charm.gui.AtlasScreen": true
  }
}