{
    "type": "origins:multiple",
    "cooked_beef": {
        "type": "origins:action_on_item_use",
        "entity_action": {
            "type": "origins:heal",
            "amount": 8
        },
        "item_condition": {
            "type": "origins:ingredient",
            "ingredient": {
                "item": "minecraft:cooked_beef"
            }
        }
    },
    "cooked_pork": {
        "type": "origins:action_on_item_use",
        "entity_action": {
            "type": "origins:heal",
            "amount": 8
        },
        "item_condition": {
            "type": "origins:ingredient",
            "ingredient": {
                "item": "minecraft:cooked_porkchop"
            }
        }
    },
    "cooked_cod": {
        "type": "origins:action_on_item_use",
        "entity_action": {
            "type": "origins:heal",
            "amount": 8
        },
        "item_condition": {
            "type": "origins:ingredient",
            "ingredient": {
                "item": "minecraft:cooked_cod"
            }
        }
    },
    "cooked_chicken": {
        "type": "origins:action_on_item_use",
        "entity_action": {
            "type": "origins:heal",
            "amount": 8
        },
        "item_condition": {
            "type": "origins:ingredient",
            "ingredient": {
                "item": "minecraft:cooked_chicken"
            }
        }
    },
    "cooked_mutton": {
        "type": "origins:action_on_item_use",
        "entity_action": {
            "type": "origins:heal",
            "amount": 8
        },
        "item_condition": {
            "type": "origins:ingredient",
            "ingredient": {
                "item": "minecraft:cooked_mutton"
            }
        }
    },
    "cooked_salmon": {
        "type": "origins:action_on_item_use",
        "entity_action": {
            "type": "origins:heal",
            "amount": 8
        },
        "item_condition": {
            "type": "origins:ingredient",
            "ingredient": {
                "item": "minecraft:cooked_salmon"
            }
        }
    },
    "cooked_rabbit": {
        "type": "origins:action_on_item_use",
        "entity_action": {
            "type": "origins:heal",
            "amount": 8
        },
        "item_condition": {
            "type": "origins:ingredient",
            "ingredient": {
                "item": "minecraft:cooked_rabbit"
            }
        }
    },
    "carrot": {
        "type": "origins:action_on_item_use",
        "entity_action": {
            "type": "origins:heal",
            "amount": 4
        },
        "item_condition": {
            "type": "origins:ingredient",
            "ingredient": {
                "item": "minecraft:carrot"
            }
        }
    },
    "apple": {
        "type": "origins:action_on_item_use",
        "entity_action": {
            "type": "origins:heal",
            "amount": 4
        },
        "item_condition": {
            "type": "origins:ingredient",
            "ingredient": {
                "item": "minecraft:apple"
            }
        }
    },
    "bread": {
        "type": "origins:action_on_item_use",
        "entity_action": {
            "type": "origins:heal",
            "amount": 5
        },
        "item_condition": {
            "type": "origins:ingredient",
            "ingredient": {
                "item": "minecraft:bread"
            }
        }
    },
    "raw_beef": {
        "type": "origins:action_on_item_use",
        "entity_action": {
            "type": "origins:heal",
            "amount": 3
        },
        "item_condition": {
            "type": "origins:ingredient",
            "ingredient": {
                "item": "minecraft:beef"
            }
        }
    },
    "raw_rabbit": {
        "type": "origins:action_on_item_use",
        "entity_action": {
            "type": "origins:heal",
            "amount": 3
        },
        "item_condition": {
            "type": "origins:ingredient",
            "ingredient": {
                "item": "minecraft:rabbit"
            }
        }
    },
    "raw_mutton": {
        "type": "origins:action_on_item_use",
        "entity_action": {
            "type": "origins:heal",
            "amount": 3
        },
        "item_condition": {
            "type": "origins:ingredient",
            "ingredient": {
                "item": "minecraft:mutton"
            }
        }
    },
    "raw_chicken": {
        "type": "origins:action_on_item_use",
        "entity_action": {
            "type": "origins:heal",
            "amount": 3
        },
        "item_condition": {
            "type": "origins:ingredient",
            "ingredient": {
                "item": "minecraft:chicken"
            }
        }
    },
    "raw_cod": {
        "type": "origins:action_on_item_use",
        "entity_action": {
            "type": "origins:heal",
            "amount": 3
        },
        "item_condition": {
            "type": "origins:ingredient",
            "ingredient": {
                "item": "minecraft:cod"
            }
        }
    },
    "raw_salmon": {
        "type": "origins:action_on_item_use",
        "entity_action": {
            "type": "origins:heal",
            "amount": 3
        },
        "item_condition": {
            "type": "origins:ingredient",
            "ingredient": {
                "item": "minecraft:salmon"
            }
        }
    },
    "raw_pork": {
        "type": "origins:action_on_item_use",
        "entity_action": {
            "type": "origins:heal",
            "amount": 3
        },
        "item_condition": {
            "type": "origins:ingredient",
            "ingredient": {
                "item": "minecraft:porkchop"
            }
        }
    },
    "potato": {
        "type": "origins:action_on_item_use",
        "entity_action": {
            "type": "origins:heal",
            "amount": 1
        },
        "item_condition": {
            "type": "origins:ingredient",
            "ingredient": {
                "item": "minecraft:potato"
            }
        }
    },
    "baked_potato": {
        "type": "origins:action_on_item_use",
        "entity_action": {
            "type": "origins:heal",
            "amount": 3
        },
        "item_condition": {
            "type": "origins:ingredient",
            "ingredient": {
                "item": "minecraft:baked_potato"
            }
        }
    },
    "dried_kelp": {
        "type": "origins:action_on_item_use",
        "entity_action": {
            "type": "origins:heal",
            "amount": 1
        },
        "item_condition": {
            "type": "origins:ingredient",
            "ingredient": {
                "item": "minecraft:dried_kelp"
            }
        }
    },
    "cookie": {
        "type": "origins:action_on_item_use",
        "entity_action": {
            "type": "origins:heal",
            "amount": 2
        },
        "item_condition": {
            "type": "origins:ingredient",
            "ingredient": {
                "item": "minecraft:cookie"
            }
        }
    },
    "pumpkin_pie": {
        "type": "origins:action_on_item_use",
        "entity_action": {
            "type": "origins:heal",
            "amount": 4
        },
        "item_condition": {
            "type": "origins:ingredient",
            "ingredient": {
                "item": "minecraft:pumpkin_pie"
            }
        }
    },
    "melon": {
        "type": "origins:action_on_item_use",
        "entity_action": {
            "type": "origins:heal",
            "amount": 2
        },
        "item_condition": {
            "type": "origins:ingredient",
            "ingredient": {
                "item": "minecraft:melon_slice"
            }
        }
    },
    "berries": {
        "type": "origins:action_on_item_use",
        "entity_action": {
            "type": "origins:heal",
            "amount": 2
        },
        "item_condition": {
            "type": "origins:ingredient",
            "ingredient": {
                "item": "minecraft:sweet_berries"
            }
        }
    },
    "name": "Bon Appétit",
    "description": "Consuming food heals you by the same amount the food feeds you."
}