{
    "type": "origins:conditioned_attribute",
    "modifier": {
        "attribute": "generic.movement_speed",
        "operation": "addition",
        "value": 0.10
    },
    "condition": {
        "type": "origins:and",
        "conditions": [
          {
            "type": "origins:fluid_height",
            "fluid": "minecraft:water",
            "comparison": ">",
            "compare_to": 0.0,
            "inverted": true
          },
          {    
            "type": "origins:status_effect",
            "effect": "minecraft:conduit_power",
            "inverted": true
          }
        ]
      },
    "tick_rate": 20,
    "name": "Quick Feet",
    "description": "You can run much faster then most on land"
}