{
    "type": "origins:active_self",
    "entity_action": {
        "type": "origins:change_resource",
        "resource": "additions:summon_resource",
        "change": -100
    },
    "cooldown": 100,
    "hud_render": {
        "should_render": false
    },
    "key": {
        "key": "key.origins.primary_active",
        "continuous": true
    },
    "condition": {
        "type": "origins:resource",
        "resource": "additions:summon_resource",
        "comparison": "==",
        "compare_to": 100
    },
    "hidden": true
}