{
	"type": "origins:active_self",
	"entity_action": {
		"type": "origins:heal",
		"amount": 1
	},
	"cooldown": 10,
	"hud_render": {
		"should_render": false,
		"bar_index": 5
	},
	"condition": {
		"type": "origins:on_block",
		"block_condition": {
			"type": "origins:block",
			"block": "minecraft:redstone_block"
		}
	},
	"key": {
		"key": "key.sneak",
		"continuous": true
	},
	"name": "Battery Recharge",
	"description": "While recharging by crouching on a redstone block, you heal and feed yourself."
}