{
    "type": "origins:conditioned_attribute",
    "modifier": {
        "attribute": "generic.movement_speed",
        "operation": "addition",
        "value": -0.02
    },
    "condition": {
        "type": "origins:and",
        "conditions": [
          {
            "type": "origins:fluid_height",
            "fluid": "minecraft:water",
            "comparison": ">",
            "compare_to": 0.0,
            "inverted": true
          },
          {    
            "type": "origins:in_rain",
            "inverted": true
          },
          {    
            "type": "origins:status_effect",
            "effect": "minecraft:water_breathing",
            "inverted": true
          },
          {    
            "type": "origins:status_effect",
            "effect": "minecraft:conduit_power",
            "inverted": true
          }
        ]
      },
    "tick_rate": 20,
    "name": "Small Legs",
    "description": "Your legs are not fitted for the land, and so you gain slowness."
}