{
    "type": "origins:active_self",
    "entity_action": {
        "type": "origins:execute_command",
        "command": "function additions:summon_snow_golem"
    },
    "cooldown": 600,
    "hud_render": {
        "should_render": true,
        "sprite_location": "origins:textures/gui/community/spiderkolo/resource_bar_03.png",
        "bar_index": 0
    },
    "key": {
        "key": "key.origins.secondary_active",
        "continuous": true
    },
    "name": "Summon",
    "description": "Pressing the secondary key will summon a snow golem to help you. Thirty second cooldown."
}