{
    "type": "origins:stacking_status_effect",
    "min_stacks": 0,
    "max_stacks": 1,
    "duration_per_stack": 20,
    "effect": {
            "effect": "minecraft:slowness",
            "duration": 100,
            "amplifier": 0,
            "is_ambient": false,
            "show_particles": false,
            "show_icon": false
        },
    "condition":{
        "type": "origins:submerged_in",
        "fluid": "minecraft:water",
        "inverted": true
    },
    "name": "Land Crawl",
    "description": "You can only manage to 'crawl' on land so you are slower when not in water."
}