{
    "type": "origins:stacking_status_effect",
    "min_stacks": -3,
    "max_stacks": 10,
    "duration_per_stack": 20,
    "effects": {
        "effect": "minecraft:nausea",
        "is_ambient": true,
        "show_icon": true,
        "show_particles": false
    },
    "condition": {
        "type": "origins:block_in_radius",
        "block_condition": {
            "type": "origins:fluid",
            "fluid_condition": {
                "type": "origins:in_tag",
                "tag": "minecraft:water"
            }
        },
        "radius": 10
    },
    "name": "Dislikes Water",
    "description": "You naturally hate water, causing you to become sick when near it. Your thoughts will also become clouded, disabling your ability to use basic utensils."
}