{
  "permissions": {
    "_comment_disguisePermissions": "// Permissions for /disguise command",
    "disguise_permission_level": 2,
    "disguise_permission_node": "mobdisguises.disguise",
    "disguiseSelf": "mobdisguises.disguise.self",
    "disguiseSelfClear": "mobdisguises.disguise.self.clear",
    "disguiseOthers": "mobdisguises.disguise.others",
    "disguiseOthersClear": "mobdisguises.disguise.others.clear",
    "_comment_mobdisguisesPermissions": "// Permissions for /mobdisguises command",
    "mobdisguises_permission_level": 4,
    "mobdisguises_permission_node": "mobdisguises",
    "mobdisguises_reloadConfig": "mobdisguises.config.reload",
    "mobdisguises_toggleTrueSight": "mobdisguises.config.reload"
  },
  "language": {
    "configReloaded": "Config was reloaded successfully.",
    "trueSightEnabled": "You now see original entities instead of disguises.",
    "trueSightDisabled": "You now see disguises normally.",
    "disguiseSet": "Disguise is now active for the selected entity(es).",
    "disguiseCleared": "Disguise is now active for the selected entity(es)."
  }
}