{
    "powers": [
        "additions:fire_immunity",
        "origins:flame_particles",
        "origins:damage_from_snowballs",
        "additions:see_in_lava",
        "additions:faster_on_fire",
        "additions:light_enemies_on_fire",
        "additions:fireball",
        "additions:fireball_cost",
        "origins:water_vulnerability",
        "additions:fear_of_water",
        "additions:fear_of_water_two",
        "additions:no_crafting_near_water",
        "additions:no_furnace_near_water",
        "additions:no_blast_furnace_near_water",
        "additions:no_anvil_near_water",
        "additions:no_smoker_near_water",
        "additions:no_enchanting_near_water",
        "additions:explosive_fireball"
    ],
    "icon": "minecraft:flint_and_steel",
    "impact": 3,
    "order": 0,
    "name": "Pyromaniac",
    "description": "A wielder of fire, blinded by rage. Uses fire to solve all his problems."
}