{
    "type": "origins:fire_projectile",
    "entity_type": "minecraft:small_fireball",
    "cooldown": 3,
    "hud_render": {
        "should_render": true,
        "bar_index": 7
    },
    "key": {
        "key": "key.origins.primary_active",
        "continuous": true
    },
    "name": "Flaming Rage",
    "description": "Every creature you punch is lit on fire. You can also shoot fireballs at a fast rate. This will exhaust you extremely quickly though. Finally, the secondary button will shoot a strong fireball."
}