{
    "type": "origins:stacking_status_effect",
    "min_stacks": 0,
    "max_stacks": 1,
    "duration_per_stack": 20,
    "effect": {
            "effect": "minecraft:strength",
            "duration": 100,
            "amplifier": 0,
            "is_ambient": false,
            "show_particles": false,
            "show_icon": false
        },
    "condition":{
        "type": "origins:in_rain"
    },
    "name": "Watered",
    "description": "When being watered in rain, you get Strength I."
}