{
    "type": "origins:action_over_time",
    "entity_action": {
        "type": "origins:apply_effect",
        "effect": {
            "effect": "minecraft:haste",
            "duration": 10,
            "amplifier": 1,
            "show_particles": false
        }
    },
    "condition": {
        "type": "origins:submerged_in",
        "fluid": "minecraft:water",
        "inverted": false
    },
    "interval": 2,
    "name": "Maniac Miner",
    "description": "You get haste 2 in water."
}