{
    "type": "origins:active_self",
    "cooldown": 1,
    "hud_render": {
        "should_render": false
    },
    "condition": {
        "type": "origins:and",
        "conditions": [{
                "type": "origins:equipped_item",
                "equipment_slot": "mainhand",
                "item_condition": {
                    "type": "origins:ingredient",
                    "ingredient": {
                        "item": "minecraft:seagrass"
                    }
                }
            },
            {
                "type": "origins:food_level",
                "comparison": "<",
                "compare_to": 20
            }
        ]
    },
    "entity_action": {
        "type": "origins:and",
        "actions": [{
                "type": "origins:execute_command",
                "command": "clear @s seagrass 1"
            },
            {
                "type": "origins:execute_command",
                "command": "playsound minecraft:entity.generic.eat player @s ~ ~ ~ 1 1"
            },
            {
                "type": "origins:feed",
                "food": 2,
                "saturation": 0.5
            }
        ]
    },
    "key": {
        "key": "key.origins.secondary_active"
    },
   "hidden": true
}