{
    "type": "origins:stacking_status_effect",
    "min_stacks": -2,
    "max_stacks": 1,
    "duration_per_stack": 20,
    "effects": {
        "effect": "minecraft:glowing",
        "is_ambient": true,
        "show_icon": true,
        "show_particles": false
    },
    "condition": {
        "type": "origins:brightness",
        "comparison": ">=",
        "compare_to": 0.2,
        "inverted": true
    },
    "name": "Glowy Boi",
    "description": "You glow in the dark, meaning people can see the outline of you even through walls."
}