{
    "type": "origins:stacking_status_effect",
    "min_stacks": 0,
    "max_stacks": 1,
    "duration_per_stack": 40,
    "effects": {
        "effect": "minecraft:weakness",
        "is_ambient": true,
        "show_icon": false,
        "show_particles": false
    },
    "condition": {
        "type": "origins:advancement",
        "advancement": "minecraft:adventure/summon_iron_golem",
        "inverted": true
    },
    "name": "Weak Arms",
    "description": "Your people have devolved in stregnth, due to their intense training on magic. This can be removed by summoning an iron golem the natural way."
}