{
    "type": "origins:stacking_status_effect",
    "min_stacks": 0,
    "max_stacks": 1,
    "duration_per_stack": 20,
    "effects": {
        "effect": "minecraft:slowness",
        "is_ambient": true,
        "show_particles": false,
        "show_icon": false
    },
    "condition": {
        "type": "origins:or",
        "conditions": [
            {
                "type": "origins:equipped_item",
                "equipment_slot": "head",
                "item_condition": {
                    "type": "origins:armor_value",
                    "comparison": ">=",
                    "compare_to": 3
                }
            },
            {
                "type": "origins:equipped_item",
                "equipment_slot": "chest",
                "item_condition": {
                    "type": "origins:armor_value",
                    "comparison": ">=",
                    "compare_to": 6
                }
            },
            {
                "type": "origins:equipped_item",
                "equipment_slot": "legs",
                "item_condition": {
                    "type": "origins:armor_value",
                    "comparison": ">=",
                    "compare_to": 5
                }
            },
            {
                "type": "origins:equipped_item",
                "equipment_slot": "feet",
                "item_condition": {
                    "type": "origins:armor_value",
                    "comparison": ">=",
                    "compare_to": 3
                }
            }
        ]
    },
    "name": "Weighed Down",
    "description": "While wearing heavy armor, you tend to move slower."
}