{
    "type": "origins:multiple",
    "name": "Air Blast",
    "description": "Use your powerfull wings to sens a gust of wind at your foes! though Its quite exhausting",
    "hidden": false,
    "projectile":
    {
        "type": "origins:fire_projectile",
        "cooldown": 40,
        "hud_render":
        {
            "bar_index": 5
        },
        "entity_type": "minecraft:llama_spit",
        "sound": "minecraft:item.armor.equip_elytra",
        "speed": 3,
        "count": 30,
        "divergence": 30,
        "key": "primary"
    },
    "knockback":
    {
        "type": "origins:target_action_on_hit",
        "cooldown": 1,
        "entity_action":
        {
            "type": "origins:add_velocity",
            "space": "velocity_horizontal_normalized",
            "set": false,
            "z": 1.3,
            "y": 0.1
        },
        "damage_condition":
        {
            "type": "origins:and",
            "inverted": false,
            "conditions": [
                {
                    "type": "origins:projectile",
                    "inverted": false,
                    "projectile": "minecraft:llama_spit"
                }
            ]
        }
    },
    "exhaust":
    {
        "type": "origins:active_self",
        "cooldown": 100,
        "key": "primary",
        "entity_action":
        {
            "type": "origins:exhaust",
            "amount": 15
        },
        "hud_render":
        {
            "should_render": false
        }
    }
}