{
    "type": "origins:stacking_status_effect",
    "min_stacks": 0,
    "max_stacks": 1,
    "duration_per_stack": 40,
    "effects": {
        "effect": "minecraft:strength",
        "is_ambient": true,
        "show_icon": false,
        "show_particles": false
    },
    "condition": {
        "type": "origins:advancement",
        "advancement": "minecraft:nether/summon_wither"
    },
    "name": "Summoned Strength",
    "description": "You can increase your physical strength by summoning the beastly creature known as the wither."
}