{
    "type": "origins:active_self",
    "entity_action": {
        "type": "origins:and",
        "actions": [
          {
            "type": "origins:execute_command",
            "command": "effect give @s minecraft:invisibility 10"
          },
          {    
              "type": "origins:execute_command",
              "command": "effect give @e minecraft:blindness 10"
          }
        ]
    },
    "hud_render": {
        "should_render": true,
        "bar_index": 5
    },
    "cooldown": 600,
    "name": "IT GLOWS",
    "description": "You light up, blinding all entities for 10 seconds. 30 second cooldown."
}